{"_wandb":{"runtime":0},"_runtime":0,"loss_train":0.3843987774848938,"test_accuracy":0.6315789222717285,"_timestamp":1.776578804495158e+09,"_step":24}