{"_runtime":1,"_step":24,"loss_train":0.3844211792945862,"test_accuracy":0.6315789222717285,"_timestamp":1.776578694705927e+09,"_wandb":{"runtime":1}}