{"_step":26,"recall":0.9814814814814815,"loss_train":0.046339064836502075,"accuracy":0.9824561403508771,"precision":0.9906542056074766,"auc_roc":0.9966196355085244,"_runtime":2,"predictions_vs_actual":{"nrows":171,"_type":"table-file","_latest_artifact_path":"wandb-client-artifact://5tmrngo5j0ws7nrwhkvnryo70buytriakdhri8uh5ankp5os55znfe04t2in5gbybpu8mszdlamxjamdcbxcbtjo4gwgbi7eik937cvf8m3ecfy941yjbkvfhpod6syt:latest/predictions_vs_actual.table.json","artifact_path":"wandb-client-artifact://p6o74rox7kuctoi96yqu7dga5hahov6ygjbrc258ppzmqlxn175jutk13x80gnk87pp7jbdllz9dgj1o6l9pu7xy0j7kuxd3thpn4v016l0h2gku26igtqjwtccx88br/predictions_vs_actual.table.json","sha256":"af6b5681175a3e201ccfc36f7a289fa08b3e004ef8f3304a35708ce6b4ccfdbb","size":1991,"log_mode":"IMMUTABLE","path":"media/table/predictions_vs_actual_25_af6b5681175a3e201ccf.table.json","ncols":2},"test_accuracy":0.9824561476707458,"_timestamp":1.7765832145618198e+09,"auc_pr":0.9978761722753455,"_wandb":{"runtime":2}}