{"_step":9,"epoch":9,"loss_train":2.8768844604492188,"loss_test":2.8947367668151855,"_timestamp":1.7765661786452658e+09,"_wandb":{"runtime":1},"_runtime":1}