{"b":0.5833949918257754,"_timestamp":1.7765642219282281e+09,"_step":9,"_wandb":{"runtime":0},"_runtime":0,"loss":5.7817840222177885,"r2":0.19951810737980813,"w":0.775520240226361}