{"_timestamp":1.7765665711735208e+09,"_step":9,"_wandb":{"runtime":0},"_runtime":0,"loss_train":0.37437185645103455}