{"loss_train":0.37267082929611206,"test_accuracy":0.604651153087616,"_wandb":{"runtime":0},"_runtime":0,"_timestamp":1.7765789245476449e+09,"_step":24}