{"_step":7,"acc":0.7517152476275133,"_wandb":{"runtime":0},"_runtime":0,"loss":0.24047369166466892,"_timestamp":1.775110237064398e+09}