{"_step":24,"_wandb":{"runtime":1},"_runtime":1,"loss_train":0.37267082929611206,"test_accuracy":0.6279069781303406,"_timestamp":1.776578889143192e+09}