{"epoch":9,"loss":0.37437185645103455,"_timestamp":1.776565948365748e+09,"_wandb":{"runtime":2},"_runtime":2,"_step":9}