{"_wandb":{"runtime":0},"_runtime":0,"_step":7,"acc":0.8206446447328488,"loss":0.09094079931585476,"_timestamp":1.776564026277069e+09}