{"loss_train":0.39217883050441743,"test_accuracy":0.6315789222717285,"_runtime":1,"_wandb":{"runtime":1},"_step":19,"accuracy":0.6315789222717285,"_timestamp":1.7765784450400698e+09}