{"loss_train":2.8768844604492188,"_timestamp":1.7765662910994408e+09,"_step":9,"_wandb":{"runtime":0},"_runtime":0}