{"loss_train":0.3994851022958755,"_timestamp":1.776578259034289e+09,"_step":9,"_runtime":0,"_wandb":{"runtime":0}}