{"_wandb":{"runtime":0},"_runtime":0,"_timestamp":1.7765781126706161e+09,"_step":9,"loss_train":0.6256281137466431}