{"_step":9,"loss_train":0.37437185645103455,"_timestamp":1.7765780925990431e+09,"_wandb":{"runtime":1},"_runtime":1}