{"_timestamp":1.77657847813164e+09,"_wandb":{"runtime":0},"_runtime":0,"_step":9,"loss_train":0.39946148097515105,"test_accuracy":0.6315789222717285}