{"_runtime":0,"loss_train":0.6256281137466431,"_timestamp":1.776578009625961e+09,"_step":9,"_wandb":{"runtime":0}}