{"_runtime":1,"_timestamp":1.7765664970772731e+09,"_step":9,"loss_train":2.8768844604492188,"_wandb":{"runtime":1}}